{"cameraMode":{"drawMode":0,"name":"Shaded","section":"Shading Mode"},"sceneLighting":false,"audioPlay":false,"sceneViewState":{"showFog":false,"showMaterialUpdate":false,"showSkybox":false,"showFlares":false,"showImageEffects":false,"showParticleSystems":false},"in2DMode":false,"pivot":{"x":0.21472980082035066,"y":1.0299999713897706,"z":0.548202395439148},"rotation":{"x":-0.1669599860906601,"y":0.5065827369689941,"z":-0.10067546367645264,"w":-0.839925229549408},"size":4.041658401489258,"orthographic":false}