{"cameraMode":{"drawMode":0,"name":"Shaded","section":"Shading Mode"},"sceneLighting":false,"audioPlay":false,"sceneViewState":{"showFog":false,"showMaterialUpdate":false,"showSkybox":false,"showFlares":false,"showImageEffects":false,"showParticleSystems":false},"in2DMode":false,"pivot":{"x":0.960761547088623,"y":1.0648006200790406,"z":1.1776161193847657},"rotation":{"x":0.03940214589238167,"y":-0.6391630172729492,"z":0.03281589224934578,"w":0.7673684358596802},"size":0.34015628695487978,"orthographic":false}