{"cameraMode":{"drawMode":0,"name":"Shaded","section":"Shading Mode"},"sceneLighting":false,"audioPlay":false,"sceneViewState":{"showFog":false,"showMaterialUpdate":false,"showSkybox":false,"showFlares":false,"showImageEffects":false,"showParticleSystems":false},"in2DMode":false,"pivot":{"x":20.69635581970215,"y":13.768641471862793,"z":-18.57379150390625},"rotation":{"x":0.11928489804267883,"y":0.08389504998922348,"z":-0.010115993209183216,"w":0.989272952079773},"size":3.9000542163848879,"orthographic":false}