{"cameraMode":{"drawMode":0,"name":"Shaded","section":"Shading Mode"},"sceneLighting":true,"audioPlay":false,"sceneViewState":{"showFog":false,"showMaterialUpdate":false,"showSkybox":false,"showFlares":false,"showImageEffects":false,"showParticleSystems":false},"in2DMode":false,"pivot":{"x":-6.312344551086426,"y":1.0767208337783814,"z":-3.9368717670440676},"rotation":{"x":0.041360046714544299,"y":0.1720903217792511,"z":-0.007231053430587053,"w":0.9842023849487305},"size":4.083887100219727,"orthographic":false}