{"cameraMode":{"drawMode":0,"name":"Shaded","section":"Shading Mode"},"sceneLighting":false,"audioPlay":false,"sceneViewState":{"showFog":false,"showMaterialUpdate":false,"showSkybox":false,"showFlares":false,"showImageEffects":false,"showParticleSystems":false},"in2DMode":false,"pivot":{"x":12.214457511901856,"y":-0.055068254470825198,"z":0.09911149740219116},"rotation":{"x":0.07584723830223084,"y":-0.9023830890655518,"z":0.3852499723434448,"w":0.1776668280363083},"size":1.4289418458938599,"orthographic":false}